-- phpMyAdmin SQL Dump
-- version 4.2.12deb2+deb8u9
-- http://www.phpmyadmin.net
--
-- Servidor: localhost
-- Tiempo de generación: 27-06-2021 a las 00:02:02
-- Versión del servidor: 5.5.62-0+deb8u1
-- Versión de PHP: 5.6.40-0+deb8u12

SET SQL_MODE = "NO_AUTO_VALUE_ON_ZERO";
SET time_zone = "+00:00";


/*!40101 SET @OLD_CHARACTER_SET_CLIENT=@@CHARACTER_SET_CLIENT */;
/*!40101 SET @OLD_CHARACTER_SET_RESULTS=@@CHARACTER_SET_RESULTS */;
/*!40101 SET @OLD_COLLATION_CONNECTION=@@COLLATION_CONNECTION */;
/*!40101 SET NAMES utf8 */;

--
-- Base de datos: `fennec_tech`
--

-- --------------------------------------------------------

--
-- Estructura de tabla para la tabla `auth_group`
--

CREATE TABLE IF NOT EXISTS `auth_group` (
`id` int(11) NOT NULL,
  `name` varchar(80) NOT NULL
) ENGINE=InnoDB DEFAULT CHARSET=latin1;

-- --------------------------------------------------------

--
-- Estructura de tabla para la tabla `auth_group_permissions`
--

CREATE TABLE IF NOT EXISTS `auth_group_permissions` (
`id` int(11) NOT NULL,
  `group_id` int(11) NOT NULL,
  `permission_id` int(11) NOT NULL
) ENGINE=InnoDB DEFAULT CHARSET=latin1;

-- --------------------------------------------------------

--
-- Estructura de tabla para la tabla `auth_permission`
--

CREATE TABLE IF NOT EXISTS `auth_permission` (
`id` int(11) NOT NULL,
  `name` varchar(255) NOT NULL,
  `content_type_id` int(11) NOT NULL,
  `codename` varchar(100) NOT NULL
) ENGINE=InnoDB AUTO_INCREMENT=34 DEFAULT CHARSET=latin1;

--
-- Volcado de datos para la tabla `auth_permission`
--

INSERT INTO `auth_permission` (`id`, `name`, `content_type_id`, `codename`) VALUES
(1, 'Can add log entry', 1, 'add_logentry'),
(2, 'Can change log entry', 1, 'change_logentry'),
(3, 'Can delete log entry', 1, 'delete_logentry'),
(4, 'Can add permission', 2, 'add_permission'),
(5, 'Can change permission', 2, 'change_permission'),
(6, 'Can delete permission', 2, 'delete_permission'),
(7, 'Can add user', 3, 'add_user'),
(8, 'Can change user', 3, 'change_user'),
(9, 'Can delete user', 3, 'delete_user'),
(10, 'Can add group', 4, 'add_group'),
(11, 'Can change group', 4, 'change_group'),
(12, 'Can delete group', 4, 'delete_group'),
(13, 'Can add content type', 5, 'add_contenttype'),
(14, 'Can change content type', 5, 'change_contenttype'),
(15, 'Can delete content type', 5, 'delete_contenttype'),
(16, 'Can add session', 6, 'add_session'),
(17, 'Can change session', 6, 'change_session'),
(18, 'Can delete session', 6, 'delete_session'),
(19, 'Can add departamento', 7, 'add_departamento'),
(20, 'Can change departamento', 7, 'change_departamento'),
(21, 'Can delete departamento', 7, 'delete_departamento'),
(22, 'Can add Usuario', 8, 'add_usuario'),
(23, 'Can change Usuario', 8, 'change_usuario'),
(24, 'Can delete Usuario', 8, 'delete_usuario'),
(25, 'Can add municipio', 9, 'add_municipio'),
(26, 'Can change municipio', 9, 'change_municipio'),
(27, 'Can delete municipio', 9, 'delete_municipio'),
(28, 'Can add Entrevista', 10, 'add_entrevista'),
(29, 'Can change Entrevista', 10, 'change_entrevista'),
(30, 'Can delete Entrevista', 10, 'delete_entrevista'),
(31, 'Can add Vacuna', 11, 'add_vacuna'),
(32, 'Can change Vacuna', 11, 'change_vacuna'),
(33, 'Can delete Vacuna', 11, 'delete_vacuna');

-- --------------------------------------------------------

--
-- Estructura de tabla para la tabla `auth_user`
--

CREATE TABLE IF NOT EXISTS `auth_user` (
`id` int(11) NOT NULL,
  `password` varchar(128) NOT NULL,
  `last_login` datetime DEFAULT NULL,
  `is_superuser` tinyint(1) NOT NULL,
  `username` varchar(150) NOT NULL,
  `first_name` varchar(30) NOT NULL,
  `last_name` varchar(150) NOT NULL,
  `email` varchar(254) NOT NULL,
  `is_staff` tinyint(1) NOT NULL,
  `is_active` tinyint(1) NOT NULL,
  `date_joined` datetime NOT NULL
) ENGINE=InnoDB AUTO_INCREMENT=2 DEFAULT CHARSET=latin1;

--
-- Volcado de datos para la tabla `auth_user`
--

INSERT INTO `auth_user` (`id`, `password`, `last_login`, `is_superuser`, `username`, `first_name`, `last_name`, `email`, `is_staff`, `is_active`, `date_joined`) VALUES
(1, 'pbkdf2_sha256$100000$pIua4eC1kHjx$gGM7+UrTdl1lSwfjNvqv4THW5vhIHJnPlqTFDepIz+o=', '2021-06-27 02:37:27', 1, 'renemejia', '', '', 'pm14008@ues.edu.sv', 1, 1, '2021-06-27 02:27:53');

-- --------------------------------------------------------

--
-- Estructura de tabla para la tabla `auth_user_groups`
--

CREATE TABLE IF NOT EXISTS `auth_user_groups` (
`id` int(11) NOT NULL,
  `user_id` int(11) NOT NULL,
  `group_id` int(11) NOT NULL
) ENGINE=InnoDB DEFAULT CHARSET=latin1;

-- --------------------------------------------------------

--
-- Estructura de tabla para la tabla `auth_user_user_permissions`
--

CREATE TABLE IF NOT EXISTS `auth_user_user_permissions` (
`id` int(11) NOT NULL,
  `user_id` int(11) NOT NULL,
  `permission_id` int(11) NOT NULL
) ENGINE=InnoDB DEFAULT CHARSET=latin1;

-- --------------------------------------------------------

--
-- Estructura de tabla para la tabla `departamento`
--

CREATE TABLE IF NOT EXISTS `departamento` (
  `id_depa` int(11) NOT NULL,
  `nombre_depa` varchar(15) NOT NULL
) ENGINE=InnoDB DEFAULT CHARSET=latin1;

--
-- Volcado de datos para la tabla `departamento`
--

INSERT INTO `departamento` (`id_depa`, `nombre_depa`) VALUES
(1, 'Ahuachapán'),
(2, 'Santa Ana'),
(3, 'Sonsonate'),
(4, 'La Libertad'),
(5, 'Chalatenango'),
(6, 'San Salvador'),
(7, 'Cuscatlán'),
(8, 'La Paz'),
(9, 'San Vicente'),
(10, 'Cabañas'),
(11, 'Usulután'),
(12, 'San Miguel'),
(13, 'Morazán'),
(14, 'La Unión');

-- --------------------------------------------------------

--
-- Estructura de tabla para la tabla `django_admin_log`
--

CREATE TABLE IF NOT EXISTS `django_admin_log` (
`id` int(11) NOT NULL,
  `action_time` datetime NOT NULL,
  `object_id` longtext,
  `object_repr` varchar(200) NOT NULL,
  `action_flag` smallint(5) unsigned NOT NULL,
  `change_message` longtext NOT NULL,
  `content_type_id` int(11) DEFAULT NULL,
  `user_id` int(11) NOT NULL
) ENGINE=InnoDB DEFAULT CHARSET=latin1;

-- --------------------------------------------------------

--
-- Estructura de tabla para la tabla `django_content_type`
--

CREATE TABLE IF NOT EXISTS `django_content_type` (
`id` int(11) NOT NULL,
  `app_label` varchar(100) NOT NULL,
  `model` varchar(100) NOT NULL
) ENGINE=InnoDB AUTO_INCREMENT=12 DEFAULT CHARSET=latin1;

--
-- Volcado de datos para la tabla `django_content_type`
--

INSERT INTO `django_content_type` (`id`, `app_label`, `model`) VALUES
(1, 'admin', 'logentry'),
(4, 'auth', 'group'),
(2, 'auth', 'permission'),
(3, 'auth', 'user'),
(5, 'contenttypes', 'contenttype'),
(7, 'fennechpage', 'departamento'),
(10, 'fennechpage', 'entrevista'),
(9, 'fennechpage', 'municipio'),
(8, 'fennechpage', 'usuario'),
(11, 'fennechpage', 'vacuna'),
(6, 'sessions', 'session');

-- --------------------------------------------------------

--
-- Estructura de tabla para la tabla `django_migrations`
--

CREATE TABLE IF NOT EXISTS `django_migrations` (
`id` int(11) NOT NULL,
  `app` varchar(255) NOT NULL,
  `name` varchar(255) NOT NULL,
  `applied` datetime NOT NULL
) ENGINE=InnoDB AUTO_INCREMENT=17 DEFAULT CHARSET=latin1;

--
-- Volcado de datos para la tabla `django_migrations`
--

INSERT INTO `django_migrations` (`id`, `app`, `name`, `applied`) VALUES
(1, 'contenttypes', '0001_initial', '2021-06-27 01:50:53'),
(2, 'auth', '0001_initial', '2021-06-27 01:50:55'),
(3, 'admin', '0001_initial', '2021-06-27 01:50:55'),
(4, 'admin', '0002_logentry_remove_auto_add', '2021-06-27 01:50:55'),
(5, 'contenttypes', '0002_remove_content_type_name', '2021-06-27 01:50:56'),
(6, 'auth', '0002_alter_permission_name_max_length', '2021-06-27 01:50:56'),
(7, 'auth', '0003_alter_user_email_max_length', '2021-06-27 01:50:56'),
(8, 'auth', '0004_alter_user_username_opts', '2021-06-27 01:50:56'),
(9, 'auth', '0005_alter_user_last_login_null', '2021-06-27 01:50:57'),
(10, 'auth', '0006_require_contenttypes_0002', '2021-06-27 01:50:57'),
(11, 'auth', '0007_alter_validators_add_error_messages', '2021-06-27 01:50:57'),
(12, 'auth', '0008_alter_user_username_max_length', '2021-06-27 01:50:57'),
(13, 'auth', '0009_alter_user_last_name_max_length', '2021-06-27 01:50:57'),
(14, 'fennechpage', '0001_initial', '2021-06-27 01:50:58'),
(15, 'sessions', '0001_initial', '2021-06-27 01:50:58'),
(16, 'fennechpage', '0002_auto_20210626_2117', '2021-06-27 03:17:25');

-- --------------------------------------------------------

--
-- Estructura de tabla para la tabla `django_session`
--

CREATE TABLE IF NOT EXISTS `django_session` (
  `session_key` varchar(40) NOT NULL,
  `session_data` longtext NOT NULL,
  `expire_date` datetime NOT NULL
) ENGINE=InnoDB DEFAULT CHARSET=latin1;

--
-- Volcado de datos para la tabla `django_session`
--

INSERT INTO `django_session` (`session_key`, `session_data`, `expire_date`) VALUES
('sacmqm590esxdxzdqy3hskib0hqzptqt', 'M2Q0NGRmNWJkYTM5OGFmZTE4NThjMmFmNmMwNjY1ODg0YTAyOWZiMzp7Il9hdXRoX3VzZXJfaGFzaCI6ImMwODRhMWIwNjViZGVhMjdkOGM1ZTQ2ZjNkYjVjNjViMDhhN2YzM2EiLCJfYXV0aF91c2VyX2lkIjoiMSIsIl9hdXRoX3VzZXJfYmFja2VuZCI6ImRqYW5nby5jb250cmliLmF1dGguYmFja2VuZHMuTW9kZWxCYWNrZW5kIn0=', '2021-07-11 02:37:27');

-- --------------------------------------------------------

--
-- Estructura de tabla para la tabla `fennechpage_entrevista`
--

CREATE TABLE IF NOT EXISTS `fennechpage_entrevista` (
`id` int(11) NOT NULL,
  `id_usuario` varchar(5) NOT NULL,
  `id_depa` varchar(15) NOT NULL,
  `id_muni` varchar(50) NOT NULL,
  `id_vacuna` tinyint(1) NOT NULL
) ENGINE=InnoDB DEFAULT CHARSET=latin1;

-- --------------------------------------------------------

--
-- Estructura de tabla para la tabla `fennechpage_usuario`
--

CREATE TABLE IF NOT EXISTS `fennechpage_usuario` (
  `id_usuario` int(11) NOT NULL,
  `nombre` varchar(50) NOT NULL,
  `contraseña` varchar(10) NOT NULL
) ENGINE=InnoDB DEFAULT CHARSET=latin1;

-- --------------------------------------------------------

--
-- Estructura de tabla para la tabla `fennechpage_vacuna`
--

CREATE TABLE IF NOT EXISTS `fennechpage_vacuna` (
  `id_vacuna` int(11) NOT NULL,
  `dosis1` tinyint(1) NOT NULL,
  `dosis2` tinyint(1) NOT NULL
) ENGINE=InnoDB DEFAULT CHARSET=latin1;

-- --------------------------------------------------------

--
-- Estructura de tabla para la tabla `municipio`
--

CREATE TABLE IF NOT EXISTS `municipio` (
  `id_muni` int(11) NOT NULL,
  `nombre_muni` varchar(50) NOT NULL,
  `id_depart` int(11) NOT NULL
) ENGINE=InnoDB DEFAULT CHARSET=latin1;

--
-- Volcado de datos para la tabla `municipio`
--

INSERT INTO `municipio` (`id_muni`, `nombre_muni`, `id_depart`) VALUES
(1, 'Ahuachapán', 1),
(2, 'Jujutla', 1),
(3, 'Atiquizaya', 1),
(4, 'Concepción de Ataco', 1),
(5, 'El Refugio', 1),
(6, 'Guaymango', 1),
(7, 'Apaneca', 1),
(8, 'San Francisco Menéndez', 1),
(9, 'San Lorenzo', 1),
(10, 'San Pedro Puxtla', 1),
(11, 'Tacuba', 1),
(12, 'Turín', 1),
(13, 'Candelaria de la Frontera', 2),
(14, 'Chalchuapa', 2),
(15, 'Coatepeque', 2),
(16, 'El Congo', 2),
(17, 'El Porvenir', 2),
(18, 'Masahuat', 2),
(19, 'Metapán', 2),
(20, 'San Antonio Pajonal', 2),
(21, 'San Sebastián Salitrillo', 2),
(22, 'Santa Ana', 2),
(23, 'Santa Rosa Guachipilín', 2),
(24, 'Santiago de la Frontera', 2),
(25, 'Texistepeque', 2),
(26, 'Acajutla', 3),
(27, 'Armenia', 3),
(28, 'Caluco', 3),
(29, 'Cuisnahuat', 3),
(30, 'Izalco', 3),
(31, 'Juayúa', 3),
(32, 'Nahuizalco', 3),
(33, 'Nahulingo', 3),
(34, 'Salcoatitán', 3),
(35, 'San Antonio del Monte', 3),
(36, 'San Julián', 3),
(37, 'Santa Catarina Masahuat', 3),
(38, 'Santa Isabel Ishuatán', 3),
(39, 'Santo Domingo de Guzmán', 3),
(40, 'Sonsonate', 3),
(41, 'Sonzacate', 3),
(42, 'Alegría', 11),
(43, 'Berlín', 11),
(44, 'California', 11),
(45, 'Concepción Batres', 11),
(46, 'El Triunfo', 11),
(47, 'Ereguayquín', 11),
(48, 'Estanzuelas', 11),
(49, 'Jiquilisco', 11),
(50, 'Jucuapa', 11),
(51, 'Jucuarán', 11),
(52, 'Mercedes Umaña', 11),
(53, 'Nueva Granada', 11),
(54, 'Ozatlán', 11),
(55, 'Puerto El Triunfo', 11),
(56, 'San Agustín', 11),
(57, 'San Buenaventura', 11),
(58, 'San Dionisio', 11),
(59, 'San Francisco Javier', 11),
(60, 'Santa Elena', 11),
(61, 'Santa María', 11),
(62, 'Santiago de María', 11),
(63, 'Tecapán', 11),
(64, 'Usulután', 11),
(65, 'Carolina', 13),
(66, 'Chapeltique', 13),
(67, 'Chinameca', 13),
(68, 'Chirilagua', 13),
(69, 'Ciudad Barrios', 13),
(70, 'Comacarán', 13),
(71, 'El Tránsito', 13),
(72, 'Lolotique', 13),
(73, 'Moncagua', 13),
(74, 'Nueva Guadalupe', 13),
(75, 'Nuevo Edén de San Juan', 13),
(76, 'Quelepa', 13),
(77, 'San Antonio del Mosco', 13),
(78, 'San Gerardo', 13),
(79, 'San Jorge', 13),
(80, 'San Luis de la Reina', 13),
(81, 'San Miguel', 13),
(82, 'San Rafael Oriente', 13),
(83, 'Sesori', 13),
(84, 'Uluazapa', 13),
(85, 'Arambala', 12),
(86, 'Cacaopera', 12),
(87, 'Chilanga', 12),
(88, 'Corinto', 12),
(89, 'Delicias de Concepción', 12),
(90, 'El Divisadero', 12),
(91, 'El Rosario (Morazán)', 12),
(92, 'Gualococti', 12),
(93, 'Guatajiagua', 12),
(94, 'Joateca', 12),
(95, 'Jocoaitique', 12),
(96, 'Jocoro', 12),
(97, 'Lolotiquillo', 12),
(98, 'Meanguera', 12),
(99, 'Osicala', 12),
(100, 'Perquín', 12),
(101, 'San Carlos', 12),
(102, 'San Fernando (Morazán)', 12),
(103, 'San Francisco Gotera', 12),
(104, 'San Isidro (Morazán)', 12),
(105, 'San Simón', 12),
(106, 'Sensembra', 12),
(107, 'Sociedad', 12),
(108, 'Torola', 12),
(109, 'Yamabal', 12),
(110, 'Yoloaiquín', 12),
(111, 'La Unión', 14),
(112, 'San Alejo', 14),
(113, 'Yucuaiquín', 14),
(114, 'Conchagua', 14),
(115, 'Intipucá', 14),
(116, 'San José', 14),
(117, 'El Carmen (La Unión)', 14),
(118, 'Yayantique', 14),
(119, 'Bolívar', 14),
(120, 'Meanguera del Golfo', 14),
(121, 'Santa Rosa de Lima', 14),
(122, 'Pasaquina', 14),
(123, 'Anamoros', 14),
(124, 'Nueva Esparta', 14),
(125, 'El Sauce', 14),
(126, 'Concepción de Oriente', 14),
(127, 'Polorós', 14),
(128, 'Lislique', 14),
(129, 'Antiguo Cuscatlán', 4),
(130, 'Chiltiupán', 4),
(131, 'Ciudad Arce', 4),
(132, 'Colón', 4),
(133, 'Comasagua', 4),
(134, 'Huizúcar', 4),
(135, 'Jayaque', 4),
(136, 'Jicalapa', 4),
(137, 'La Libertad', 4),
(138, 'Santa Tecla', 4),
(139, 'Nuevo Cuscatlán', 4),
(140, 'San Juan Opico', 4),
(141, 'Quezaltepeque', 4),
(142, 'Sacacoyo', 4),
(143, 'San José Villanueva', 4),
(144, 'San Matías', 4),
(145, 'San Pablo Tacachico', 4),
(146, 'Talnique', 4),
(147, 'Tamanique', 4),
(148, 'Teotepeque', 4),
(149, 'Tepecoyo', 4),
(150, 'Zaragoza', 4),
(151, 'Agua Caliente', 5),
(152, 'Arcatao', 5),
(153, 'Azacualpa', 5),
(154, 'Cancasque', 5),
(155, 'Chalatenango', 5),
(156, 'Citalá', 5),
(157, 'Comapala', 5),
(158, 'Concepción Quezaltepeque', 5),
(159, 'Dulce Nombre de María', 5),
(160, 'El Carrizal', 5),
(161, 'El Paraíso', 5),
(162, 'La Laguna', 5),
(163, 'La Palma', 5),
(164, 'La Reina', 5),
(165, 'Las Vueltas', 5),
(166, 'Nueva Concepción', 5),
(167, 'Nueva Trinidad', 5),
(168, 'Nombre de Jesús', 5),
(169, 'Ojos de Agua', 5),
(170, 'Potonico', 5),
(171, 'San Antonio de la Cruz', 5),
(172, 'San Antonio Los Ranchos', 5),
(173, 'San Fernando (Chalatenango)', 5),
(174, 'San Francisco Lempa', 5),
(175, 'San Francisco Morazán', 5),
(176, 'San Ignacio', 5),
(177, 'San Isidro Labrador', 5),
(178, 'Las Flores', 5),
(179, 'San Luis del Carmen', 5),
(180, 'San Miguel de Mercedes', 5),
(181, 'San Rafael', 5),
(182, 'Santa Rita', 5),
(183, 'Tejutla', 5),
(184, 'Cojutepeque', 7),
(185, 'Candelaria', 7),
(186, 'El Carmen (Cuscatlán)', 7),
(187, 'El Rosario (Cuscatlán)', 7),
(188, 'Monte San Juan', 7),
(189, 'Oratorio de Concepción', 7),
(190, 'San Bartolomé Perulapía', 7),
(191, 'San Cristóbal', 7),
(192, 'San José Guayabal', 7),
(193, 'San Pedro Perulapán', 7),
(194, 'San Rafael Cedros', 7),
(195, 'San Ramón', 7),
(196, 'Santa Cruz Analquito', 7),
(197, 'Santa Cruz Michapa', 7),
(198, 'Suchitoto', 7),
(199, 'Tenancingo', 7),
(200, 'Aguilares', 6),
(201, 'Apopa', 6),
(202, 'Ayutuxtepeque', 6),
(203, 'Cuscatancingo', 6),
(204, 'Ciudad Delgado', 6),
(205, 'El Paisnal', 6),
(206, 'Guazapa', 6),
(207, 'Ilopango', 6),
(208, 'Mejicanos', 6),
(209, 'Nejapa', 6),
(210, 'Panchimalco', 6),
(211, 'Rosario de Mora', 6),
(212, 'San Marcos', 6),
(213, 'San Martín', 6),
(214, 'San Salvador', 6),
(215, 'Santiago Texacuangos', 6),
(216, 'Santo Tomás', 6),
(217, 'Soyapango', 6),
(218, 'Tonacatepeque', 6),
(219, 'Zacatecoluca', 8),
(220, 'Cuyultitán', 8),
(221, 'El Rosario (La Paz)', 8),
(222, 'Jerusalén', 8),
(223, 'Mercedes La Ceiba', 8),
(224, 'Olocuilta', 8),
(225, 'Paraíso de Osorio', 8),
(226, 'San Antonio Masahuat', 8),
(227, 'San Emigdio', 8),
(228, 'San Francisco Chinameca', 8),
(229, 'San Pedro Masahuat', 8),
(230, 'San Juan Nonualco', 8),
(231, 'San Juan Talpa', 8),
(232, 'San Juan Tepezontes', 8),
(233, 'San Luis La Herradura', 8),
(234, 'San Luis Talpa', 8),
(235, 'San Miguel Tepezontes', 8),
(236, 'San Pedro Nonualco', 8),
(237, 'San Rafael Obrajuelo', 8),
(238, 'Santa María Ostuma', 8),
(239, 'Santiago Nonualco', 8),
(240, 'Tapalhuaca', 8),
(241, 'Cinquera', 9),
(242, 'Dolores', 9),
(243, 'Guacotecti', 9),
(244, 'Ilobasco', 9),
(245, 'Jutiapa', 9),
(246, 'San Isidro (Cabañas)', 9),
(247, 'Sensuntepeque', 9),
(248, 'Tejutepeque', 9),
(249, 'Victoria', 9),
(250, 'Apastepeque', 10),
(251, 'Guadalupe', 10),
(252, 'San Cayetano Istepeque', 10),
(253, 'San Esteban Catarina', 10),
(254, 'San Ildefonso', 10),
(255, 'San Lorenzo', 10),
(256, 'San Sebastián', 10),
(257, 'San Vicente', 10),
(258, 'Santa Clara', 10),
(259, 'Santo Domingo', 10),
(260, 'Tecoluca', 10),
(261, 'Tepetitán', 10),
(262, 'Verapaz', 10);

--
-- Índices para tablas volcadas
--

--
-- Indices de la tabla `auth_group`
--
ALTER TABLE `auth_group`
 ADD PRIMARY KEY (`id`), ADD UNIQUE KEY `name` (`name`);

--
-- Indices de la tabla `auth_group_permissions`
--
ALTER TABLE `auth_group_permissions`
 ADD PRIMARY KEY (`id`), ADD UNIQUE KEY `auth_group_permissions_group_id_permission_id_0cd325b0_uniq` (`group_id`,`permission_id`), ADD KEY `auth_group_permissio_permission_id_84c5c92e_fk_auth_perm` (`permission_id`);

--
-- Indices de la tabla `auth_permission`
--
ALTER TABLE `auth_permission`
 ADD PRIMARY KEY (`id`), ADD UNIQUE KEY `auth_permission_content_type_id_codename_01ab375a_uniq` (`content_type_id`,`codename`);

--
-- Indices de la tabla `auth_user`
--
ALTER TABLE `auth_user`
 ADD PRIMARY KEY (`id`), ADD UNIQUE KEY `username` (`username`);

--
-- Indices de la tabla `auth_user_groups`
--
ALTER TABLE `auth_user_groups`
 ADD PRIMARY KEY (`id`), ADD UNIQUE KEY `auth_user_groups_user_id_group_id_94350c0c_uniq` (`user_id`,`group_id`), ADD KEY `auth_user_groups_group_id_97559544_fk_auth_group_id` (`group_id`);

--
-- Indices de la tabla `auth_user_user_permissions`
--
ALTER TABLE `auth_user_user_permissions`
 ADD PRIMARY KEY (`id`), ADD UNIQUE KEY `auth_user_user_permissions_user_id_permission_id_14a6b632_uniq` (`user_id`,`permission_id`), ADD KEY `auth_user_user_permi_permission_id_1fbb5f2c_fk_auth_perm` (`permission_id`);

--
-- Indices de la tabla `departamento`
--
ALTER TABLE `departamento`
 ADD PRIMARY KEY (`id_depa`);

--
-- Indices de la tabla `django_admin_log`
--
ALTER TABLE `django_admin_log`
 ADD PRIMARY KEY (`id`), ADD KEY `django_admin_log_content_type_id_c4bce8eb_fk_django_co` (`content_type_id`), ADD KEY `django_admin_log_user_id_c564eba6_fk` (`user_id`);

--
-- Indices de la tabla `django_content_type`
--
ALTER TABLE `django_content_type`
 ADD PRIMARY KEY (`id`), ADD UNIQUE KEY `django_content_type_app_label_model_76bd3d3b_uniq` (`app_label`,`model`);

--
-- Indices de la tabla `django_migrations`
--
ALTER TABLE `django_migrations`
 ADD PRIMARY KEY (`id`);

--
-- Indices de la tabla `django_session`
--
ALTER TABLE `django_session`
 ADD PRIMARY KEY (`session_key`), ADD KEY `django_session_expire_date_a5c62663` (`expire_date`);

--
-- Indices de la tabla `fennechpage_entrevista`
--
ALTER TABLE `fennechpage_entrevista`
 ADD PRIMARY KEY (`id`);

--
-- Indices de la tabla `fennechpage_usuario`
--
ALTER TABLE `fennechpage_usuario`
 ADD PRIMARY KEY (`id_usuario`);

--
-- Indices de la tabla `fennechpage_vacuna`
--
ALTER TABLE `fennechpage_vacuna`
 ADD PRIMARY KEY (`id_vacuna`);

--
-- Indices de la tabla `municipio`
--
ALTER TABLE `municipio`
 ADD PRIMARY KEY (`id_muni`);

--
-- AUTO_INCREMENT de las tablas volcadas
--

--
-- AUTO_INCREMENT de la tabla `auth_group`
--
ALTER TABLE `auth_group`
MODIFY `id` int(11) NOT NULL AUTO_INCREMENT;
--
-- AUTO_INCREMENT de la tabla `auth_group_permissions`
--
ALTER TABLE `auth_group_permissions`
MODIFY `id` int(11) NOT NULL AUTO_INCREMENT;
--
-- AUTO_INCREMENT de la tabla `auth_permission`
--
ALTER TABLE `auth_permission`
MODIFY `id` int(11) NOT NULL AUTO_INCREMENT,AUTO_INCREMENT=34;
--
-- AUTO_INCREMENT de la tabla `auth_user`
--
ALTER TABLE `auth_user`
MODIFY `id` int(11) NOT NULL AUTO_INCREMENT,AUTO_INCREMENT=2;
--
-- AUTO_INCREMENT de la tabla `auth_user_groups`
--
ALTER TABLE `auth_user_groups`
MODIFY `id` int(11) NOT NULL AUTO_INCREMENT;
--
-- AUTO_INCREMENT de la tabla `auth_user_user_permissions`
--
ALTER TABLE `auth_user_user_permissions`
MODIFY `id` int(11) NOT NULL AUTO_INCREMENT;
--
-- AUTO_INCREMENT de la tabla `django_admin_log`
--
ALTER TABLE `django_admin_log`
MODIFY `id` int(11) NOT NULL AUTO_INCREMENT;
--
-- AUTO_INCREMENT de la tabla `django_content_type`
--
ALTER TABLE `django_content_type`
MODIFY `id` int(11) NOT NULL AUTO_INCREMENT,AUTO_INCREMENT=12;
--
-- AUTO_INCREMENT de la tabla `django_migrations`
--
ALTER TABLE `django_migrations`
MODIFY `id` int(11) NOT NULL AUTO_INCREMENT,AUTO_INCREMENT=17;
--
-- AUTO_INCREMENT de la tabla `fennechpage_entrevista`
--
ALTER TABLE `fennechpage_entrevista`
MODIFY `id` int(11) NOT NULL AUTO_INCREMENT;
--
-- Restricciones para tablas volcadas
--

--
-- Filtros para la tabla `auth_group_permissions`
--
ALTER TABLE `auth_group_permissions`
ADD CONSTRAINT `auth_group_permissio_permission_id_84c5c92e_fk_auth_perm` FOREIGN KEY (`permission_id`) REFERENCES `auth_permission` (`id`),
ADD CONSTRAINT `auth_group_permissions_group_id_b120cbf9_fk_auth_group_id` FOREIGN KEY (`group_id`) REFERENCES `auth_group` (`id`);

--
-- Filtros para la tabla `auth_permission`
--
ALTER TABLE `auth_permission`
ADD CONSTRAINT `auth_permission_content_type_id_2f476e4b_fk_django_co` FOREIGN KEY (`content_type_id`) REFERENCES `django_content_type` (`id`);

--
-- Filtros para la tabla `auth_user_groups`
--
ALTER TABLE `auth_user_groups`
ADD CONSTRAINT `auth_user_groups_group_id_97559544_fk_auth_group_id` FOREIGN KEY (`group_id`) REFERENCES `auth_group` (`id`),
ADD CONSTRAINT `auth_user_groups_user_id_6a12ed8b_fk_auth_user_id` FOREIGN KEY (`user_id`) REFERENCES `auth_user` (`id`);

--
-- Filtros para la tabla `auth_user_user_permissions`
--
ALTER TABLE `auth_user_user_permissions`
ADD CONSTRAINT `auth_user_user_permi_permission_id_1fbb5f2c_fk_auth_perm` FOREIGN KEY (`permission_id`) REFERENCES `auth_permission` (`id`),
ADD CONSTRAINT `auth_user_user_permissions_user_id_a95ead1b_fk_auth_user_id` FOREIGN KEY (`user_id`) REFERENCES `auth_user` (`id`);

--
-- Filtros para la tabla `django_admin_log`
--
ALTER TABLE `django_admin_log`
ADD CONSTRAINT `django_admin_log_user_id_c564eba6_fk` FOREIGN KEY (`user_id`) REFERENCES `auth_user` (`id`),
ADD CONSTRAINT `django_admin_log_content_type_id_c4bce8eb_fk_django_co` FOREIGN KEY (`content_type_id`) REFERENCES `django_content_type` (`id`);

/*!40101 SET CHARACTER_SET_CLIENT=@OLD_CHARACTER_SET_CLIENT */;
/*!40101 SET CHARACTER_SET_RESULTS=@OLD_CHARACTER_SET_RESULTS */;
/*!40101 SET COLLATION_CONNECTION=@OLD_COLLATION_CONNECTION */;
